participant_id	session	age
sub-887679	ses-1mo	1
sub-664313	ses-2mo	2
sub-732627	ses-2mo	2
sub-740317	ses-2mo	2
sub-911829	ses-2mo	2
sub-950202	ses-2mo	2
sub-002081	ses-3mo	3
sub-522061	ses-3mo	3
sub-649494	ses-3mo	3
sub-704148	ses-3mo	3
sub-767612	ses-3mo	3
sub-879509	ses-3mo	3
sub-138813	ses-4mo	4
sub-320544	ses-4mo	4
sub-755330	ses-4mo	4
sub-758451	ses-4mo	4
sub-887679	ses-4mo	4
sub-960370	ses-4mo	4
sub-216852	ses-5mo	5
sub-222881	ses-5mo	5
sub-664313	ses-5mo	5
sub-788132	ses-5mo	5
sub-978698	ses-5mo	5
sub-986114	ses-5mo	5
sub-995663	ses-5mo	5
sub-376673	ses-6mo	6
sub-382287	ses-6mo	6
sub-425428	ses-6mo	6
sub-557806	ses-6mo	6
sub-752770	ses-6mo	6
sub-879509	ses-6mo	6
sub-883901	ses-6mo	6
sub-888211	ses-6mo	6
sub-277066	ses-7mo	7
sub-320544	ses-7mo	7
sub-760812	ses-7mo	7
sub-805063	ses-7mo	7
sub-887679	ses-7mo	7
sub-960370	ses-7mo	7
sub-911829	ses-8mo	8
sub-978698	ses-8mo	8
sub-987008	ses-8mo	8
sub-995663	ses-8mo	8
sub-236452	ses-9mo	9
sub-314462	ses-9mo	9
sub-382287	ses-9mo	9
sub-648669	ses-9mo	9
sub-705639	ses-9mo	9
sub-706655	ses-9mo	9
sub-752770	ses-9mo	9
sub-794032	ses-9mo	9
sub-839327	ses-9mo	9
sub-857459	ses-9mo	9
sub-879509	ses-9mo	9
sub-888211	ses-9mo	9
sub-931085	ses-9mo	9
sub-947206	ses-9mo	9
sub-102606	ses-10mo	10
sub-277066	ses-10mo	10
sub-410729	ses-10mo	10
sub-410729	ses-10mo	10
sub-412584	ses-10mo	10
sub-509659	ses-10mo	10
sub-537180	ses-10mo	10
sub-755330	ses-10mo	10
sub-775707	ses-10mo	10
sub-800807	ses-10mo	10
sub-805063	ses-10mo	10
sub-887679	ses-10mo	10
sub-936900	ses-10mo	10
sub-960370	ses-10mo	10
sub-315519	ses-11mo	11
sub-439999	ses-11mo	11
sub-522586	ses-11mo	11
sub-551055	ses-11mo	11
sub-713347	ses-11mo	11
sub-978698	ses-11mo	11
sub-236452	ses-12mo	12
sub-382287	ses-12mo	12
sub-648669	ses-12mo	12
sub-683099	ses-12mo	12
sub-706655	ses-12mo	12
sub-709477	ses-12mo	12
sub-826398	ses-12mo	12
sub-839327	ses-12mo	12
sub-947206	ses-12mo	12
sub-277066	ses-13mo	13
sub-412584	ses-13mo	13
sub-509659	ses-13mo	13
sub-755330	ses-13mo	13
sub-800807	ses-13mo	13
sub-805063	ses-13mo	13
sub-887679	ses-13mo	13
sub-960370	ses-13mo	13
sub-439999	ses-14mo	14
sub-522586	ses-14mo	14
sub-713347	ses-14mo	14
sub-978698	ses-14mo	14
sub-994816	ses-14mo	14
sub-995663	ses-14mo	14
sub-393942	ses-15mo	15
sub-417855	ses-15mo	15
sub-439037	ses-15mo	15
sub-515697	ses-15mo	15
sub-515697	ses-15mo	15
sub-557806	ses-15mo	15
sub-569511	ses-15mo	15
sub-648669	ses-15mo	15
sub-706655	ses-15mo	15
sub-839327	ses-15mo	15
sub-251549	ses-16mo	16
sub-513010	ses-16mo	16
sub-774387	ses-16mo	16
sub-387450	ses-17mo	17
sub-427732	ses-17mo	17
sub-439999	ses-17mo	17
sub-503722	ses-17mo	17
sub-640680	ses-17mo	17
sub-736609	ses-17mo	17
sub-759162	ses-17mo	17
sub-817184	ses-17mo	17
sub-826360	ses-17mo	17
sub-994816	ses-17mo	17
sub-218663	ses-18mo	18
sub-236452	ses-18mo	18
sub-648669	ses-18mo	18
sub-675362	ses-18mo	18
sub-706655	ses-18mo	18
sub-722612	ses-18mo	18
sub-857459	ses-18mo	18
sub-945323	ses-18mo	18
sub-102606	ses-19mo	19
sub-282791	ses-19mo	19
sub-469822	ses-19mo	19
sub-176851	ses-20mo	20
sub-380510	ses-20mo	20
sub-439999	ses-20mo	20
sub-494244	ses-20mo	20
sub-780046	ses-20mo	20
sub-439037	ses-21mo	21
sub-648807	ses-21mo	21
sub-706655	ses-21mo	21
sub-640680	ses-23mo	23
sub-736609	ses-23mo	23
sub-826360	ses-23mo	23
sub-222881	ses-24mo	24
sub-277066	ses-24mo	24
sub-320544	ses-24mo	24
sub-406663	ses-24mo	24
sub-456442	ses-24mo	24
sub-576112	ses-24mo	24
sub-675362	ses-24mo	24
sub-706655	ses-24mo	24
sub-755330	ses-24mo	24
sub-794032	ses-24mo	24
sub-805063	ses-24mo	24
sub-883901	ses-24mo	24
sub-945323	ses-24mo	24
